detector,n_bins,n_obs_per_period,alpha,testing_set,time_model_creation,time_model_prediction,n_tp,n_tn,n_fp,n_fn
Hamming,10,84,1,normal,0.31797194480895996,0.07885599136352539,0,60,0,0
Hamming,10,84,1,anomalous,0.31797194480895996,0.10623383522033691,0,0,0,60
Hamming,10,84,2.5,normal,0.33028101921081543,0.07938098907470703,0,59,1,0
Hamming,10,84,2.5,anomalous,0.33028101921081543,0.08414220809936523,0,0,0,60
Hamming,10,84,5,normal,0.31790590286254883,0.07936811447143555,0,59,1,0
Hamming,10,84,5,anomalous,0.31790590286254883,0.08198404312133789,0,0,0,60
Hamming,10,84,10,normal,0.3154759407043457,0.07734107971191406,0,53,7,0
Hamming,10,84,10,anomalous,0.3154759407043457,0.0875089168548584,3,0,0,57
Hamming,10,84,15,normal,0.3131692409515381,0.07685279846191406,0,49,11,0
Hamming,10,84,15,anomalous,0.3131692409515381,0.08353924751281738,18,0,0,42
Hamming,20,84,1,normal,0.4021432399749756,0.10099291801452637,0,59,1,0
Hamming,20,84,1,anomalous,0.4021432399749756,0.10529017448425293,0,0,0,60
Hamming,20,84,2.5,normal,0.41454291343688965,0.10039496421813965,0,59,1,0
Hamming,20,84,2.5,anomalous,0.41454291343688965,0.10552597045898438,2,0,0,58
Hamming,20,84,5,normal,0.4051239490509033,0.0997467041015625,0,56,4,0
Hamming,20,84,5,anomalous,0.4051239490509033,0.10453987121582031,8,0,0,52
Hamming,20,84,10,normal,0.4135751724243164,0.09927821159362793,0,49,11,0
Hamming,20,84,10,anomalous,0.4135751724243164,0.10668492317199707,18,0,0,42
Hamming,20,84,15,normal,0.4035336971282959,0.10063409805297852,0,49,11,0
Hamming,20,84,15,anomalous,0.4035336971282959,0.10685396194458008,18,0,0,42
Hamming,30,84,1,normal,0.5041358470916748,0.12458920478820801,0,59,1,0
Hamming,30,84,1,anomalous,0.5041358470916748,0.1309361457824707,4,0,0,56
Hamming,30,84,2.5,normal,0.49849390983581543,0.1222689151763916,0,58,2,0
Hamming,30,84,2.5,anomalous,0.49849390983581543,0.12850189208984375,6,0,0,54
Hamming,30,84,5,normal,0.508112907409668,0.12510418891906738,0,56,4,0
Hamming,30,84,5,anomalous,0.508112907409668,0.12848591804504395,8,0,0,52
Hamming,30,84,10,normal,0.49831604957580566,0.12235283851623535,0,50,10,0
Hamming,30,84,10,anomalous,0.49831604957580566,0.1305701732635498,18,0,0,42
Hamming,30,84,15,normal,0.49933910369873047,0.1236259937286377,0,49,11,0
Hamming,30,84,15,anomalous,0.49933910369873047,0.13315200805664062,25,0,0,35
Hamming,40,84,1,normal,0.6046931743621826,0.14713025093078613,0,58,2,0
Hamming,40,84,1,anomalous,0.6046931743621826,0.15444183349609375,6,0,0,54
Hamming,40,84,2.5,normal,0.6021699905395508,0.1469576358795166,0,58,2,0
Hamming,40,84,2.5,anomalous,0.6021699905395508,0.160552978515625,6,0,0,54
Hamming,40,84,5,normal,0.5996689796447754,0.14715790748596191,0,55,5,0
Hamming,40,84,5,anomalous,0.5996689796447754,0.15335798263549805,11,0,0,49
Hamming,40,84,10,normal,0.6015057563781738,0.14757513999938965,0,50,10,0
Hamming,40,84,10,anomalous,0.6015057563781738,0.15969204902648926,24,0,0,36
Hamming,40,84,15,normal,0.6015863418579102,0.14750385284423828,0,45,15,0
Hamming,40,84,15,anomalous,0.6015863418579102,0.15387916564941406,27,0,0,33
Hamming,50,84,1,normal,0.7097048759460449,0.17339205741882324,0,58,2,0
Hamming,50,84,1,anomalous,0.7097048759460449,0.18854689598083496,2,0,0,58
Hamming,50,84,2.5,normal,0.7090780735015869,0.17405390739440918,0,58,2,0
Hamming,50,84,2.5,anomalous,0.7090780735015869,0.17900776863098145,2,0,0,58
Hamming,50,84,5,normal,0.7113609313964844,0.17189693450927734,0,52,8,0
Hamming,50,84,5,anomalous,0.7113609313964844,0.17905020713806152,8,0,0,52
Hamming,50,84,10,normal,0.7082657814025879,0.1727149486541748,0,48,12,0
Hamming,50,84,10,anomalous,0.7082657814025879,0.17994403839111328,13,0,0,47
Hamming,50,84,15,normal,0.703819990158081,0.17253923416137695,0,44,16,0
Hamming,50,84,15,anomalous,0.703819990158081,0.18604207038879395,22,0,0,38
Hamming,10,168,1,normal,0.17188310623168945,0.04304790496826172,0,29,1,0
Hamming,10,168,1,anomalous,0.17188310623168945,0.044489145278930664,2,0,0,28
Hamming,10,168,2.5,normal,0.17541980743408203,0.04315066337585449,0,29,1,0
Hamming,10,168,2.5,anomalous,0.17541980743408203,0.04443001747131348,2,0,0,28
Hamming,10,168,5,normal,0.17187190055847168,0.043260812759399414,0,29,1,0
Hamming,10,168,5,anomalous,0.17187190055847168,0.045307159423828125,2,0,0,28
Hamming,10,168,10,normal,0.17253708839416504,0.04311990737915039,0,28,2,0
Hamming,10,168,10,anomalous,0.17253708839416504,0.05042695999145508,9,0,0,21
Hamming,10,168,15,normal,0.1741189956665039,0.043569087982177734,0,26,4,0
Hamming,10,168,15,anomalous,0.1741189956665039,0.04698324203491211,18,0,0,12
Hamming,20,168,1,normal,0.21979331970214844,0.05503487586975098,0,29,1,0
Hamming,20,168,1,anomalous,0.21979331970214844,0.058732032775878906,3,0,0,27
Hamming,20,168,2.5,normal,0.22107291221618652,0.05484414100646973,0,29,1,0
Hamming,20,168,2.5,anomalous,0.22107291221618652,0.05904364585876465,4,0,0,26
Hamming,20,168,5,normal,0.21909499168395996,0.056101083755493164,0,29,1,0
Hamming,20,168,5,anomalous,0.21909499168395996,0.06002187728881836,4,0,0,26
Hamming,20,168,10,normal,0.22141790390014648,0.057946205139160156,0,28,2,0
Hamming,20,168,10,anomalous,0.22141790390014648,0.0605471134185791,14,0,0,16
Hamming,20,168,15,normal,0.22148919105529785,0.055268049240112305,0,26,4,0
Hamming,20,168,15,anomalous,0.22148919105529785,0.05927610397338867,19,0,0,11
Hamming,30,168,1,normal,0.2714231014251709,0.06749391555786133,0,29,1,0
Hamming,30,168,1,anomalous,0.2714231014251709,0.0710439682006836,4,0,0,26
Hamming,30,168,2.5,normal,0.26900410652160645,0.07162189483642578,0,29,1,0
Hamming,30,168,2.5,anomalous,0.26900410652160645,0.07565116882324219,6,0,0,24
Hamming,30,168,5,normal,0.26929807662963867,0.06689620018005371,0,29,1,0
Hamming,30,168,5,anomalous,0.26929807662963867,0.07368588447570801,12,0,0,18
Hamming,30,168,10,normal,0.2678399085998535,0.0674290657043457,0,28,2,0
Hamming,30,168,10,anomalous,0.2678399085998535,0.07105684280395508,20,0,0,10
Hamming,30,168,15,normal,0.2699282169342041,0.06730079650878906,0,26,4,0
Hamming,30,168,15,anomalous,0.2699282169342041,0.07207512855529785,21,0,0,9
Hamming,40,168,1,normal,0.32450008392333984,0.08059215545654297,0,29,1,0
Hamming,40,168,1,anomalous,0.32450008392333984,0.0848701000213623,3,0,0,27
Hamming,40,168,2.5,normal,0.3262779712677002,0.08010387420654297,0,29,1,0
Hamming,40,168,2.5,anomalous,0.3262779712677002,0.08502078056335449,6,0,0,24
Hamming,40,168,5,normal,0.3244760036468506,0.08003520965576172,0,29,1,0
Hamming,40,168,5,anomalous,0.3244760036468506,0.0874021053314209,14,0,0,16
Hamming,40,168,10,normal,0.32366394996643066,0.08024191856384277,0,25,5,0
Hamming,40,168,10,anomalous,0.32366394996643066,0.08456182479858398,20,0,0,10
Hamming,40,168,15,normal,0.32323598861694336,0.08006620407104492,0,25,5,0
Hamming,40,168,15,anomalous,0.32323598861694336,0.08666324615478516,21,0,0,9
Hamming,50,168,1,normal,0.3856201171875,0.09375691413879395,0,30,0,0
Hamming,50,168,1,anomalous,0.3856201171875,0.09940505027770996,1,0,0,29
Hamming,50,168,2.5,normal,0.377824068069458,0.09444999694824219,0,29,1,0
Hamming,50,168,2.5,anomalous,0.377824068069458,0.10105705261230469,7,0,0,23
Hamming,50,168,5,normal,0.3818039894104004,0.09502983093261719,0,27,3,0
Hamming,50,168,5,anomalous,0.3818039894104004,0.09997224807739258,10,0,0,20
Hamming,50,168,10,normal,0.44684600830078125,0.09409093856811523,0,27,3,0
Hamming,50,168,10,anomalous,0.44684600830078125,0.09957504272460938,12,0,0,18
Hamming,50,168,15,normal,0.3784167766571045,0.09398221969604492,0,22,8,0
Hamming,50,168,15,anomalous,0.3784167766571045,0.09999513626098633,17,0,0,13
Hamming,10,336,1,normal,0.1080939769744873,0.0267331600189209,0,14,1,0
Hamming,10,336,1,anomalous,0.1080939769744873,0.026944875717163086,8,0,0,7
Hamming,10,336,2.5,normal,0.10893416404724121,0.026593923568725586,0,14,1,0
Hamming,10,336,2.5,anomalous,0.10893416404724121,0.027347803115844727,8,0,0,7
Hamming,10,336,5,normal,0.10465502738952637,0.026819944381713867,0,14,1,0
Hamming,10,336,5,anomalous,0.10465502738952637,0.026961088180541992,8,0,0,7
Hamming,10,336,10,normal,0.10426616668701172,0.026648283004760742,0,14,1,0
Hamming,10,336,10,anomalous,0.10426616668701172,0.027024030685424805,8,0,0,7
Hamming,10,336,15,normal,0.10357093811035156,0.026679039001464844,0,10,5,0
Hamming,10,336,15,anomalous,0.10357093811035156,0.02695775032043457,11,0,0,4
Hamming,20,336,1,normal,0.12830471992492676,0.033675193786621094,0,15,0,0
Hamming,20,336,1,anomalous,0.12830471992492676,0.0348811149597168,9,0,0,6
Hamming,20,336,2.5,normal,0.1336050033569336,0.03410482406616211,0,15,0,0
Hamming,20,336,2.5,anomalous,0.1336050033569336,0.03532576560974121,10,0,0,5
Hamming,20,336,5,normal,0.1318340301513672,0.03424191474914551,0,15,0,0
Hamming,20,336,5,anomalous,0.1318340301513672,0.035279035568237305,10,0,0,5
Hamming,20,336,10,normal,0.13810014724731445,0.03387713432312012,0,14,1,0
Hamming,20,336,10,anomalous,0.13810014724731445,0.03450202941894531,11,0,0,4
Hamming,20,336,15,normal,0.12997078895568848,0.033869028091430664,0,13,2,0
Hamming,20,336,15,anomalous,0.12997078895568848,0.035058021545410156,11,0,0,4
Hamming,30,336,1,normal,0.16049909591674805,0.04572415351867676,0,14,1,0
Hamming,30,336,1,anomalous,0.16049909591674805,0.04348111152648926,10,0,0,5
Hamming,30,336,2.5,normal,0.16092324256896973,0.041416168212890625,0,14,1,0
Hamming,30,336,2.5,anomalous,0.16092324256896973,0.042704105377197266,10,0,0,5
Hamming,30,336,5,normal,0.16056299209594727,0.04465365409851074,0,14,1,0
Hamming,30,336,5,anomalous,0.16056299209594727,0.04282808303833008,10,0,0,5
Hamming,30,336,10,normal,0.15967106819152832,0.04131197929382324,0,14,1,0
Hamming,30,336,10,anomalous,0.15967106819152832,0.04298520088195801,10,0,0,5
Hamming,30,336,15,normal,0.16365528106689453,0.04133105278015137,0,12,3,0
Hamming,30,336,15,anomalous,0.16365528106689453,0.0427851676940918,10,0,0,5
Hamming,40,336,1,normal,0.19138002395629883,0.04945778846740723,0,14,1,0
Hamming,40,336,1,anomalous,0.19138002395629883,0.0507960319519043,10,0,0,5
Hamming,40,336,2.5,normal,0.1916518211364746,0.04884982109069824,0,14,1,0
Hamming,40,336,2.5,anomalous,0.1916518211364746,0.05127906799316406,10,0,0,5
Hamming,40,336,5,normal,0.18749690055847168,0.04871201515197754,0,13,2,0
Hamming,40,336,5,anomalous,0.18749690055847168,0.052968740463256836,10,0,0,5
Hamming,40,336,10,normal,0.1873769760131836,0.04899096488952637,0,13,2,0
Hamming,40,336,10,anomalous,0.1873769760131836,0.051943063735961914,10,0,0,5
Hamming,40,336,15,normal,0.19069695472717285,0.049291133880615234,0,12,3,0
Hamming,40,336,15,anomalous,0.19069695472717285,0.05081605911254883,11,0,0,4
Hamming,50,336,1,normal,0.2217090129852295,0.056607723236083984,0,14,1,0
Hamming,50,336,1,anomalous,0.2217090129852295,0.061036109924316406,5,0,0,10
Hamming,50,336,2.5,normal,0.22054719924926758,0.057585716247558594,0,14,1,0
Hamming,50,336,2.5,anomalous,0.22054719924926758,0.060739994049072266,6,0,0,9
Hamming,50,336,5,normal,0.22115015983581543,0.056819915771484375,0,13,2,0
Hamming,50,336,5,anomalous,0.22115015983581543,0.060819149017333984,9,0,0,6
Hamming,50,336,10,normal,0.21817517280578613,0.05696535110473633,0,13,2,0
Hamming,50,336,10,anomalous,0.21817517280578613,0.06380295753479004,9,0,0,6
Hamming,50,336,15,normal,0.21979522705078125,0.0567469596862793,0,13,2,0
Hamming,50,336,15,anomalous,0.21979522705078125,0.061563968658447266,10,0,0,5
Hamming,10,672,1,normal,0.07308697700500488,0.017985105514526367,0,6,1,0
Hamming,10,672,1,anomalous,0.07308697700500488,0.01776909828186035,5,0,0,2
Hamming,10,672,2.5,normal,0.07059717178344727,0.01810908317565918,0,6,1,0
Hamming,10,672,2.5,anomalous,0.07059717178344727,0.017742156982421875,5,0,0,2
Hamming,10,672,5,normal,0.07020902633666992,0.019313812255859375,0,6,1,0
Hamming,10,672,5,anomalous,0.07020902633666992,0.018368959426879883,5,0,0,2
Hamming,10,672,10,normal,0.07080507278442383,0.01786208152770996,0,5,2,0
Hamming,10,672,10,anomalous,0.07080507278442383,0.01822209358215332,5,0,0,2
Hamming,10,672,15,normal,0.06989789009094238,0.018000125885009766,0,5,2,0
Hamming,10,672,15,anomalous,0.06989789009094238,0.017794132232666016,5,0,0,2
Hamming,20,672,1,normal,0.08664798736572266,0.023138046264648438,0,7,0,0
Hamming,20,672,1,anomalous,0.08664798736572266,0.022752761840820312,5,0,0,2
Hamming,20,672,2.5,normal,0.08489394187927246,0.022879838943481445,0,7,0,0
Hamming,20,672,2.5,anomalous,0.08489394187927246,0.023051023483276367,5,0,0,2
Hamming,20,672,5,normal,0.08567404747009277,0.02295398712158203,0,7,0,0
Hamming,20,672,5,anomalous,0.08567404747009277,0.023041963577270508,5,0,0,2
Hamming,20,672,10,normal,0.08521699905395508,0.023051023483276367,0,6,1,0
Hamming,20,672,10,anomalous,0.08521699905395508,0.02368617057800293,6,0,0,1
Hamming,20,672,15,normal,0.08782720565795898,0.022833824157714844,0,6,1,0
Hamming,20,672,15,anomalous,0.08782720565795898,0.022876977920532227,6,0,0,1
Hamming,30,672,1,normal,0.10316109657287598,0.028007984161376953,0,6,1,0
Hamming,30,672,1,anomalous,0.10316109657287598,0.02820420265197754,5,0,0,2
Hamming,30,672,2.5,normal,0.10501313209533691,0.027976036071777344,0,6,1,0
Hamming,30,672,2.5,anomalous,0.10501313209533691,0.02904486656188965,5,0,0,2
Hamming,30,672,5,normal,0.10177087783813477,0.027533769607543945,0,6,1,0
Hamming,30,672,5,anomalous,0.10177087783813477,0.028002023696899414,5,0,0,2
Hamming,30,672,10,normal,0.1026601791381836,0.02781224250793457,0,6,1,0
Hamming,30,672,10,anomalous,0.1026601791381836,0.027950763702392578,5,0,0,2
Hamming,30,672,15,normal,0.10170483589172363,0.02785205841064453,0,5,2,0
Hamming,30,672,15,anomalous,0.10170483589172363,0.029232025146484375,6,0,0,1
Hamming,40,672,1,normal,0.11996006965637207,0.03283882141113281,0,6,1,0
Hamming,40,672,1,anomalous,0.11996006965637207,0.03473091125488281,4,0,0,3
Hamming,40,672,2.5,normal,0.12456893920898438,0.034352779388427734,0,6,1,0
Hamming,40,672,2.5,anomalous,0.12456893920898438,0.03449130058288574,5,0,0,2
Hamming,40,672,5,normal,0.13241291046142578,0.03563523292541504,0,5,2,0
Hamming,40,672,5,anomalous,0.13241291046142578,0.03754091262817383,5,0,0,2
Hamming,40,672,10,normal,0.13393092155456543,0.03529691696166992,0,5,2,0
Hamming,40,672,10,anomalous,0.13393092155456543,0.036377906799316406,5,0,0,2
Hamming,40,672,15,normal,0.13088083267211914,0.03665566444396973,0,5,2,0
Hamming,40,672,15,anomalous,0.13088083267211914,0.03614377975463867,5,0,0,2
Hamming,50,672,1,normal,0.14964008331298828,0.03833723068237305,0,6,1,0
Hamming,50,672,1,anomalous,0.14964008331298828,0.039879798889160156,5,0,0,2
Hamming,50,672,2.5,normal,0.14638876914978027,0.043393850326538086,0,6,1,0
Hamming,50,672,2.5,anomalous,0.14638876914978027,0.048702239990234375,5,0,0,2
Hamming,50,672,5,normal,0.15623235702514648,0.03846406936645508,0,6,1,0
Hamming,50,672,5,anomalous,0.15623235702514648,0.03885912895202637,5,0,0,2
Hamming,50,672,10,normal,0.1474440097808838,0.04186701774597168,0,6,1,0
Hamming,50,672,10,anomalous,0.1474440097808838,0.04370570182800293,5,0,0,2
Hamming,50,672,15,normal,0.15485596656799316,0.04114985466003418,0,6,1,0
Hamming,50,672,15,anomalous,0.15485596656799316,0.04256892204284668,5,0,0,2
Hamming,10,1008,1,normal,0.06191372871398926,0.0161740779876709,0,4,1,0
Hamming,10,1008,1,anomalous,0.06191372871398926,0.016453027725219727,3,0,0,2
Hamming,10,1008,2.5,normal,0.06148409843444824,0.0174868106842041,0,4,1,0
Hamming,10,1008,2.5,anomalous,0.06148409843444824,0.01852703094482422,3,0,0,2
Hamming,10,1008,5,normal,0.06298303604125977,0.017379045486450195,0,4,1,0
Hamming,10,1008,5,anomalous,0.06298303604125977,0.017075061798095703,3,0,0,2
Hamming,10,1008,10,normal,0.06065678596496582,0.015659809112548828,0,3,2,0
Hamming,10,1008,10,anomalous,0.06065678596496582,0.015965938568115234,3,0,0,2
Hamming,10,1008,15,normal,0.058561086654663086,0.01557612419128418,0,3,2,0
Hamming,10,1008,15,anomalous,0.058561086654663086,0.016169309616088867,3,0,0,2
Hamming,20,1008,1,normal,0.07763886451721191,0.02233290672302246,0,4,1,0
Hamming,20,1008,1,anomalous,0.07763886451721191,0.021921873092651367,4,0,0,1
Hamming,20,1008,2.5,normal,0.07987618446350098,0.02134084701538086,0,4,1,0
Hamming,20,1008,2.5,anomalous,0.07987618446350098,0.021106958389282227,4,0,0,1
Hamming,20,1008,5,normal,0.07213902473449707,0.019895076751708984,0,4,1,0
Hamming,20,1008,5,anomalous,0.07213902473449707,0.020128965377807617,4,0,0,1
Hamming,20,1008,10,normal,0.08595395088195801,0.035513877868652344,0,4,1,0
Hamming,20,1008,10,anomalous,0.08595395088195801,0.021502971649169922,4,0,0,1
Hamming,20,1008,15,normal,0.0930640697479248,0.023007869720458984,0,3,2,0
Hamming,20,1008,15,anomalous,0.0930640697479248,0.021767139434814453,4,0,0,1
Hamming,30,1008,1,normal,0.08273983001708984,0.024597883224487305,0,3,2,0
Hamming,30,1008,1,anomalous,0.08273983001708984,0.024343013763427734,4,0,0,1
Hamming,30,1008,2.5,normal,0.08314275741577148,0.024840831756591797,0,3,2,0
Hamming,30,1008,2.5,anomalous,0.08314275741577148,0.024638891220092773,4,0,0,1
Hamming,30,1008,5,normal,0.08709192276000977,0.0248110294342041,0,3,2,0
Hamming,30,1008,5,anomalous,0.08709192276000977,0.02448105812072754,4,0,0,1
Hamming,30,1008,10,normal,0.08744692802429199,0.02993011474609375,0,3,2,0
Hamming,30,1008,10,anomalous,0.08744692802429199,0.025665998458862305,4,0,0,1
Hamming,30,1008,15,normal,0.10084104537963867,0.030701637268066406,0,3,2,0
Hamming,30,1008,15,anomalous,0.10084104537963867,0.031620025634765625,4,0,0,1
Hamming,40,1008,1,normal,0.12086296081542969,0.03143596649169922,0,4,1,0
Hamming,40,1008,1,anomalous,0.12086296081542969,0.04964303970336914,4,0,0,1
Hamming,40,1008,2.5,normal,0.1173100471496582,0.03130197525024414,0,4,1,0
Hamming,40,1008,2.5,anomalous,0.1173100471496582,0.030816078186035156,4,0,0,1
Hamming,40,1008,5,normal,0.1043848991394043,0.03258514404296875,0,4,1,0
Hamming,40,1008,5,anomalous,0.1043848991394043,0.031190156936645508,4,0,0,1
Hamming,40,1008,10,normal,0.10861587524414062,0.03133702278137207,0,2,3,0
Hamming,40,1008,10,anomalous,0.10861587524414062,0.030865907669067383,4,0,0,1
Hamming,40,1008,15,normal,0.10788297653198242,0.04042792320251465,0,2,3,0
Hamming,40,1008,15,anomalous,0.10788297653198242,0.034802913665771484,4,0,0,1
Hamming,50,1008,1,normal,0.1266937255859375,0.041799068450927734,0,4,1,0
Hamming,50,1008,1,anomalous,0.1266937255859375,0.038146018981933594,4,0,0,1
Hamming,50,1008,2.5,normal,0.14019083976745605,0.04009413719177246,0,4,1,0
Hamming,50,1008,2.5,anomalous,0.14019083976745605,0.042169809341430664,4,0,0,1
Hamming,50,1008,5,normal,0.1340479850769043,0.03488588333129883,0,3,2,0
Hamming,50,1008,5,anomalous,0.1340479850769043,0.034699201583862305,4,0,0,1
Hamming,50,1008,10,normal,0.11552190780639648,0.03509879112243652,0,2,3,0
Hamming,50,1008,10,anomalous,0.11552190780639648,0.03753399848937988,4,0,0,1
Hamming,50,1008,15,normal,0.12500905990600586,0.035898685455322266,0,2,3,0
Hamming,50,1008,15,anomalous,0.12500905990600586,0.037351131439208984,4,0,0,1
Clark,10,84,1,normal,0.31712794303894043,0.07944893836975098,0,59,1,0
Clark,10,84,1,anomalous,0.31712794303894043,0.0899801254272461,0,0,0,60
Clark,10,84,2.5,normal,0.3191699981689453,0.0786600112915039,0,59,1,0
Clark,10,84,2.5,anomalous,0.3191699981689453,0.0847470760345459,0,0,0,60
Clark,10,84,5,normal,0.31926679611206055,0.07816195487976074,0,58,2,0
Clark,10,84,5,anomalous,0.31926679611206055,0.08622884750366211,2,0,0,58
Clark,10,84,10,normal,0.3128831386566162,0.07767009735107422,0,56,4,0
Clark,10,84,10,anomalous,0.3128831386566162,0.08445096015930176,7,0,0,53
Clark,10,84,15,normal,0.3147139549255371,0.07752490043640137,0,51,9,0
Clark,10,84,15,anomalous,0.3147139549255371,0.08397889137268066,21,0,0,39
Clark,20,84,1,normal,0.4037210941314697,0.10119080543518066,0,59,1,0
Clark,20,84,1,anomalous,0.4037210941314697,0.10518598556518555,4,0,0,56
Clark,20,84,2.5,normal,0.40683603286743164,0.10096001625061035,0,58,2,0
Clark,20,84,2.5,anomalous,0.40683603286743164,0.10526895523071289,8,0,0,52
Clark,20,84,5,normal,0.40302586555480957,0.10062122344970703,0,54,6,0
Clark,20,84,5,anomalous,0.40302586555480957,0.10530424118041992,18,0,0,42
Clark,20,84,10,normal,0.4068329334259033,0.10039281845092773,0,52,8,0
Clark,20,84,10,anomalous,0.4068329334259033,0.10580778121948242,29,0,0,31
Clark,20,84,15,normal,0.4040813446044922,0.10215997695922852,0,48,12,0
Clark,20,84,15,anomalous,0.4040813446044922,0.10538196563720703,41,0,0,19
Clark,30,84,1,normal,0.49917125701904297,0.12310314178466797,0,60,0,0
Clark,30,84,1,anomalous,0.49917125701904297,0.12838125228881836,8,0,0,52
Clark,30,84,2.5,normal,0.5023419857025146,0.12235403060913086,0,58,2,0
Clark,30,84,2.5,anomalous,0.5023419857025146,0.13129591941833496,16,0,0,44
Clark,30,84,5,normal,0.5013542175292969,0.12232708930969238,0,57,3,0
Clark,30,84,5,anomalous,0.5013542175292969,0.1286787986755371,27,0,0,33
Clark,30,84,10,normal,0.5050709247589111,0.12373781204223633,0,51,9,0
Clark,30,84,10,anomalous,0.5050709247589111,0.13164496421813965,40,0,0,20
Clark,30,84,15,normal,0.4997587203979492,0.1231389045715332,0,44,16,0
Clark,30,84,15,anomalous,0.4997587203979492,0.12852191925048828,49,0,0,11
Clark,40,84,1,normal,0.603032112121582,0.1484079360961914,0,60,0,0
Clark,40,84,1,anomalous,0.603032112121582,0.1530611515045166,11,0,0,49
Clark,40,84,2.5,normal,0.6042609214782715,0.14785003662109375,0,59,1,0
Clark,40,84,2.5,anomalous,0.6042609214782715,0.15397381782531738,22,0,0,38
Clark,40,84,5,normal,0.5975890159606934,0.14742279052734375,0,53,7,0
Clark,40,84,5,anomalous,0.5975890159606934,0.15250301361083984,32,0,0,28
Clark,40,84,10,normal,0.6011440753936768,0.14669489860534668,0,49,11,0
Clark,40,84,10,anomalous,0.6011440753936768,0.15319085121154785,46,0,0,14
Clark,40,84,15,normal,0.606003999710083,0.14765477180480957,0,43,17,0
Clark,40,84,15,anomalous,0.606003999710083,0.15438103675842285,48,0,0,12
Clark,50,84,1,normal,0.7027671337127686,0.17171883583068848,0,57,3,0
Clark,50,84,1,anomalous,0.7027671337127686,0.17985105514526367,13,0,0,47
Clark,50,84,2.5,normal,0.701758861541748,0.17157506942749023,0,57,3,0
Clark,50,84,2.5,anomalous,0.701758861541748,0.1787281036376953,15,0,0,45
Clark,50,84,5,normal,0.6990900039672852,0.1735520362854004,0,57,3,0
Clark,50,84,5,anomalous,0.6990900039672852,0.1795191764831543,19,0,0,41
Clark,50,84,10,normal,0.7053439617156982,0.1713862419128418,0,50,10,0
Clark,50,84,10,anomalous,0.7053439617156982,0.18605709075927734,34,0,0,26
Clark,50,84,15,normal,0.7437179088592529,0.1713390350341797,0,45,15,0
Clark,50,84,15,anomalous,0.7437179088592529,0.17848825454711914,43,0,0,17
Clark,10,168,1,normal,0.17370104789733887,0.043470144271850586,0,29,1,0
Clark,10,168,1,anomalous,0.17370104789733887,0.04505515098571777,10,0,0,20
Clark,10,168,2.5,normal,0.17701101303100586,0.043433189392089844,0,29,1,0
Clark,10,168,2.5,anomalous,0.17701101303100586,0.04692578315734863,13,0,0,17
Clark,10,168,5,normal,0.1735973358154297,0.04331493377685547,0,29,1,0
Clark,10,168,5,anomalous,0.1735973358154297,0.04564404487609863,13,0,0,17
Clark,10,168,10,normal,0.17757797241210938,0.04395604133605957,0,28,2,0
Clark,10,168,10,anomalous,0.17757797241210938,0.04557323455810547,16,0,0,14
Clark,10,168,15,normal,0.17496442794799805,0.043299198150634766,0,25,5,0
Clark,10,168,15,anomalous,0.17496442794799805,0.04797792434692383,24,0,0,6
Clark,20,168,1,normal,0.21867084503173828,0.05527997016906738,0,30,0,0
Clark,20,168,1,anomalous,0.21867084503173828,0.059348106384277344,5,0,0,25
Clark,20,168,2.5,normal,0.22415804862976074,0.05584907531738281,0,29,1,0
Clark,20,168,2.5,anomalous,0.22415804862976074,0.060282230377197266,16,0,0,14
Clark,20,168,5,normal,0.22298288345336914,0.05755186080932617,0,28,2,0
Clark,20,168,5,anomalous,0.22298288345336914,0.06057596206665039,21,0,0,9
Clark,20,168,10,normal,0.22453713417053223,0.057074785232543945,0,28,2,0
Clark,20,168,10,anomalous,0.22453713417053223,0.06089186668395996,23,0,0,7
Clark,20,168,15,normal,0.22669696807861328,0.055245161056518555,0,28,2,0
Clark,20,168,15,anomalous,0.22669696807861328,0.05991721153259277,24,0,0,6
Clark,30,168,1,normal,0.27442002296447754,0.06838107109069824,0,30,0,0
Clark,30,168,1,anomalous,0.27442002296447754,0.07223200798034668,23,0,0,7
Clark,30,168,2.5,normal,0.27474093437194824,0.06857919692993164,0,30,0,0
Clark,30,168,2.5,anomalous,0.27474093437194824,0.07440519332885742,29,0,0,1
Clark,30,168,5,normal,0.2754552364349365,0.06981682777404785,0,30,0,0
Clark,30,168,5,anomalous,0.2754552364349365,0.07285594940185547,30,0,0,0
Clark,30,168,10,normal,0.2711303234100342,0.06826496124267578,0,29,1,0
Clark,30,168,10,anomalous,0.2711303234100342,0.07366204261779785,30,0,0,0
Clark,30,168,15,normal,0.2727060317993164,0.0683431625366211,0,25,5,0
Clark,30,168,15,anomalous,0.2727060317993164,0.0724022388458252,30,0,0,0
Clark,40,168,1,normal,0.32522106170654297,0.08206605911254883,0,30,0,0
Clark,40,168,1,anomalous,0.32522106170654297,0.08634591102600098,22,0,0,8
Clark,40,168,2.5,normal,0.3267960548400879,0.08131003379821777,0,29,1,0
Clark,40,168,2.5,anomalous,0.3267960548400879,0.08629298210144043,29,0,0,1
Clark,40,168,5,normal,0.325977087020874,0.08229494094848633,0,29,1,0
Clark,40,168,5,anomalous,0.325977087020874,0.08529305458068848,30,0,0,0
Clark,40,168,10,normal,0.33049511909484863,0.08513522148132324,0,25,5,0
Clark,40,168,10,anomalous,0.33049511909484863,0.08681607246398926,30,0,0,0
Clark,40,168,15,normal,0.3249521255493164,0.08110213279724121,0,21,9,0
Clark,40,168,15,anomalous,0.3249521255493164,0.08558893203735352,30,0,0,0
Clark,50,168,1,normal,0.379749059677124,0.12240004539489746,0,29,1,0
Clark,50,168,1,anomalous,0.379749059677124,0.10045909881591797,24,0,0,6
Clark,50,168,2.5,normal,0.38294100761413574,0.09587407112121582,0,29,1,0
Clark,50,168,2.5,anomalous,0.38294100761413574,0.0993661880493164,26,0,0,4
Clark,50,168,5,normal,0.3775191307067871,0.09526705741882324,0,29,1,0
Clark,50,168,5,anomalous,0.3775191307067871,0.0996999740600586,26,0,0,4
Clark,50,168,10,normal,0.3799717426300049,0.09501791000366211,0,24,6,0
Clark,50,168,10,anomalous,0.3799717426300049,0.10152173042297363,30,0,0,0
Clark,50,168,15,normal,0.37828707695007324,0.09416604042053223,0,20,10,0
Clark,50,168,15,anomalous,0.37828707695007324,0.09923720359802246,30,0,0,0
Clark,10,336,1,normal,0.10650920867919922,0.027064085006713867,0,15,0,0
Clark,10,336,1,anomalous,0.10650920867919922,0.027652740478515625,12,0,0,3
Clark,10,336,2.5,normal,0.10394692420959473,0.02688288688659668,0,14,1,0
Clark,10,336,2.5,anomalous,0.10394692420959473,0.02733778953552246,12,0,0,3
Clark,10,336,5,normal,0.10415101051330566,0.027285099029541016,0,13,2,0
Clark,10,336,5,anomalous,0.10415101051330566,0.027102947235107422,13,0,0,2
Clark,10,336,10,normal,0.10599708557128906,0.026819229125976562,0,11,4,0
Clark,10,336,10,anomalous,0.10599708557128906,0.02755904197692871,14,0,0,1
Clark,10,336,15,normal,0.10404109954833984,0.02727675437927246,0,11,4,0
Clark,10,336,15,anomalous,0.10404109954833984,0.02696084976196289,15,0,0,0
Clark,20,336,1,normal,0.12961673736572266,0.033936262130737305,0,15,0,0
Clark,20,336,1,anomalous,0.12961673736572266,0.03570199012756348,13,0,0,2
Clark,20,336,2.5,normal,0.13565492630004883,0.03429293632507324,0,15,0,0
Clark,20,336,2.5,anomalous,0.13565492630004883,0.03547477722167969,14,0,0,1
Clark,20,336,5,normal,0.13413405418395996,0.03437495231628418,0,15,0,0
Clark,20,336,5,anomalous,0.13413405418395996,0.03528189659118652,15,0,0,0
Clark,20,336,10,normal,0.1349470615386963,0.03386378288269043,0,13,2,0
Clark,20,336,10,anomalous,0.1349470615386963,0.03562808036804199,15,0,0,0
Clark,20,336,15,normal,0.1344609260559082,0.03421902656555176,0,10,5,0
Clark,20,336,15,anomalous,0.1344609260559082,0.03576517105102539,15,0,0,0
Clark,30,336,1,normal,0.16267609596252441,0.041512250900268555,0,15,0,0
Clark,30,336,1,anomalous,0.16267609596252441,0.042970895767211914,15,0,0,0
Clark,30,336,2.5,normal,0.1624908447265625,0.04152703285217285,0,15,0,0
Clark,30,336,2.5,anomalous,0.1624908447265625,0.0442349910736084,15,0,0,0
Clark,30,336,5,normal,0.16011691093444824,0.04214286804199219,0,15,0,0
Clark,30,336,5,anomalous,0.16011691093444824,0.04344296455383301,15,0,0,0
Clark,30,336,10,normal,0.15998291969299316,0.041792869567871094,0,13,2,0
Clark,30,336,10,anomalous,0.15998291969299316,0.04360795021057129,15,0,0,0
Clark,30,336,15,normal,0.16127991676330566,0.041471004486083984,0,11,4,0
Clark,30,336,15,anomalous,0.16127991676330566,0.04343104362487793,15,0,0,0
Clark,40,336,1,normal,0.18961572647094727,0.04976391792297363,0,15,0,0
Clark,40,336,1,anomalous,0.18961572647094727,0.053054094314575195,15,0,0,0
Clark,40,336,2.5,normal,0.18775296211242676,0.04994678497314453,0,15,0,0
Clark,40,336,2.5,anomalous,0.18775296211242676,0.052477121353149414,15,0,0,0
Clark,40,336,5,normal,0.18793010711669922,0.04940438270568848,0,14,1,0
Clark,40,336,5,anomalous,0.18793010711669922,0.0545501708984375,15,0,0,0
Clark,40,336,10,normal,0.1873149871826172,0.0494227409362793,0,13,2,0
Clark,40,336,10,anomalous,0.1873149871826172,0.05153322219848633,15,0,0,0
Clark,40,336,15,normal,0.18998289108276367,0.04921293258666992,0,10,5,0
Clark,40,336,15,anomalous,0.18998289108276367,0.0509798526763916,15,0,0,0
Clark,50,336,1,normal,0.21914291381835938,0.05748605728149414,0,14,1,0
Clark,50,336,1,anomalous,0.21914291381835938,0.06126713752746582,15,0,0,0
Clark,50,336,2.5,normal,0.21952176094055176,0.05768013000488281,0,13,2,0
Clark,50,336,2.5,anomalous,0.21952176094055176,0.06108379364013672,15,0,0,0
Clark,50,336,5,normal,0.22088289260864258,0.057271718978881836,0,12,3,0
Clark,50,336,5,anomalous,0.22088289260864258,0.06178689002990723,15,0,0,0
Clark,50,336,10,normal,0.22225117683410645,0.05786705017089844,0,9,6,0
Clark,50,336,10,anomalous,0.22225117683410645,0.06229710578918457,15,0,0,0
Clark,50,336,15,normal,0.21894192695617676,0.05718374252319336,0,6,9,0
Clark,50,336,15,anomalous,0.21894192695617676,0.06202077865600586,15,0,0,0
Clark,10,672,1,normal,0.0713338851928711,0.018291950225830078,0,6,1,0
Clark,10,672,1,anomalous,0.0713338851928711,0.01930403709411621,7,0,0,0
Clark,10,672,2.5,normal,0.0703129768371582,0.01827406883239746,0,6,1,0
Clark,10,672,2.5,anomalous,0.0703129768371582,0.018270254135131836,7,0,0,0
Clark,10,672,5,normal,0.07063078880310059,0.018124103546142578,0,6,1,0
Clark,10,672,5,anomalous,0.07063078880310059,0.018599271774291992,7,0,0,0
Clark,10,672,10,normal,0.06981110572814941,0.018503904342651367,0,6,1,0
Clark,10,672,10,anomalous,0.06981110572814941,0.018170833587646484,7,0,0,0
Clark,10,672,15,normal,0.07056093215942383,0.018012046813964844,0,5,2,0
Clark,10,672,15,anomalous,0.07056093215942383,0.0185239315032959,7,0,0,0
Clark,20,672,1,normal,0.08768892288208008,0.02338385581970215,0,7,0,0
Clark,20,672,1,anomalous,0.08768892288208008,0.023558855056762695,7,0,0,0
Clark,20,672,2.5,normal,0.08568906784057617,0.023025035858154297,0,7,0,0
Clark,20,672,2.5,anomalous,0.08568906784057617,0.02326488494873047,7,0,0,0
Clark,20,672,5,normal,0.08592987060546875,0.023437023162841797,0,7,0,0
Clark,20,672,5,anomalous,0.08592987060546875,0.02326202392578125,7,0,0,0
Clark,20,672,10,normal,0.08667278289794922,0.023077964782714844,0,7,0,0
Clark,20,672,10,anomalous,0.08667278289794922,0.023370981216430664,7,0,0,0
Clark,20,672,15,normal,0.08599686622619629,0.022996902465820312,0,7,0,0
Clark,20,672,15,anomalous,0.08599686622619629,0.02326512336730957,7,0,0,0
Clark,30,672,1,normal,0.1049509048461914,0.027677059173583984,0,7,0,0
Clark,30,672,1,anomalous,0.1049509048461914,0.02872300148010254,7,0,0,0
Clark,30,672,2.5,normal,0.10261917114257812,0.02911210060119629,0,7,0,0
Clark,30,672,2.5,anomalous,0.10261917114257812,0.028339862823486328,7,0,0,0
Clark,30,672,5,normal,0.10306525230407715,0.027952194213867188,0,7,0,0
Clark,30,672,5,anomalous,0.10306525230407715,0.029284000396728516,7,0,0,0
Clark,30,672,10,normal,0.10285019874572754,0.028321027755737305,0,7,0,0
Clark,30,672,10,anomalous,0.10285019874572754,0.028586864471435547,7,0,0,0
Clark,30,672,15,normal,0.10338878631591797,0.02885913848876953,0,7,0,0
Clark,30,672,15,anomalous,0.10338878631591797,0.028419017791748047,7,0,0,0
Clark,40,672,1,normal,0.12101078033447266,0.03303885459899902,0,7,0,0
Clark,40,672,1,anomalous,0.12101078033447266,0.03442978858947754,7,0,0,0
Clark,40,672,2.5,normal,0.12629199028015137,0.03345513343811035,0,7,0,0
Clark,40,672,2.5,anomalous,0.12629199028015137,0.037409067153930664,7,0,0,0
Clark,40,672,5,normal,0.13634300231933594,0.034098148345947266,0,7,0,0
Clark,40,672,5,anomalous,0.13634300231933594,0.033763885498046875,7,0,0,0
Clark,40,672,10,normal,0.12590479850769043,0.0358428955078125,0,6,1,0
Clark,40,672,10,anomalous,0.12590479850769043,0.04205179214477539,7,0,0,0
Clark,40,672,15,normal,0.14198017120361328,0.03548002243041992,0,6,1,0
Clark,40,672,15,anomalous,0.14198017120361328,0.03734612464904785,7,0,0,0
Clark,50,672,1,normal,0.14949917793273926,0.041082143783569336,0,7,0,0
Clark,50,672,1,anomalous,0.14949917793273926,0.0432741641998291,7,0,0,0
Clark,50,672,2.5,normal,0.15103578567504883,0.04255485534667969,0,7,0,0
Clark,50,672,2.5,anomalous,0.15103578567504883,0.04457807540893555,7,0,0,0
Clark,50,672,5,normal,0.14550209045410156,0.03990912437438965,0,7,0,0
Clark,50,672,5,anomalous,0.14550209045410156,0.041697025299072266,7,0,0,0
Clark,50,672,10,normal,0.15614700317382812,0.042864084243774414,0,7,0,0
Clark,50,672,10,anomalous,0.15614700317382812,0.043344974517822266,7,0,0,0
Clark,50,672,15,normal,0.1502680778503418,0.04006624221801758,0,6,1,0
Clark,50,672,15,anomalous,0.1502680778503418,0.041023969650268555,7,0,0,0
Clark,10,1008,1,normal,0.061161041259765625,0.01602792739868164,0,5,0,0
Clark,10,1008,1,anomalous,0.061161041259765625,0.015625,5,0,0,0
Clark,10,1008,2.5,normal,0.060597896575927734,0.01623988151550293,0,5,0,0
Clark,10,1008,2.5,anomalous,0.060597896575927734,0.016998291015625,5,0,0,0
Clark,10,1008,5,normal,0.06467723846435547,0.01692795753479004,0,4,1,0
Clark,10,1008,5,anomalous,0.06467723846435547,0.017197132110595703,5,0,0,0
Clark,10,1008,10,normal,0.06344795227050781,0.017313003540039062,0,3,2,0
Clark,10,1008,10,anomalous,0.06344795227050781,0.018309831619262695,5,0,0,0
Clark,10,1008,15,normal,0.06560802459716797,0.020018815994262695,0,1,4,0
Clark,10,1008,15,anomalous,0.06560802459716797,0.02122211456298828,5,0,0,0
Clark,20,1008,1,normal,0.08640909194946289,0.02727198600769043,0,5,0,0
Clark,20,1008,1,anomalous,0.08640909194946289,0.02416682243347168,5,0,0,0
Clark,20,1008,2.5,normal,0.1141812801361084,0.028842926025390625,0,5,0,0
Clark,20,1008,2.5,anomalous,0.1141812801361084,0.03499197959899902,5,0,0,0
Clark,20,1008,5,normal,0.09551095962524414,0.023566007614135742,0,5,0,0
Clark,20,1008,5,anomalous,0.09551095962524414,0.02386188507080078,5,0,0,0
Clark,20,1008,10,normal,0.0791020393371582,0.022372007369995117,0,5,0,0
Clark,20,1008,10,anomalous,0.0791020393371582,0.0224759578704834,5,0,0,0
Clark,20,1008,15,normal,0.07700467109680176,0.021610021591186523,0,4,1,0
Clark,20,1008,15,anomalous,0.07700467109680176,0.021684885025024414,5,0,0,0
Clark,30,1008,1,normal,0.08838200569152832,0.026418209075927734,0,5,0,0
Clark,30,1008,1,anomalous,0.08838200569152832,0.02519822120666504,5,0,0,0
Clark,30,1008,2.5,normal,0.08878493309020996,0.025878190994262695,0,5,0,0
Clark,30,1008,2.5,anomalous,0.08878493309020996,0.02650904655456543,5,0,0,0
Clark,30,1008,5,normal,0.09091782569885254,0.025846004486083984,0,5,0,0
Clark,30,1008,5,anomalous,0.09091782569885254,0.025274991989135742,5,0,0,0
Clark,30,1008,10,normal,0.08440089225769043,0.02590203285217285,0,5,0,0
Clark,30,1008,10,anomalous,0.08440089225769043,0.025681257247924805,5,0,0,0
Clark,30,1008,15,normal,0.09157800674438477,0.02674722671508789,0,4,1,0
Clark,30,1008,15,anomalous,0.09157800674438477,0.027027130126953125,5,0,0,0
Clark,40,1008,1,normal,0.10811209678649902,0.03132176399230957,0,4,1,0
Clark,40,1008,1,anomalous,0.10811209678649902,0.03179812431335449,5,0,0,0
Clark,40,1008,2.5,normal,0.11009716987609863,0.03199005126953125,0,4,1,0
Clark,40,1008,2.5,anomalous,0.11009716987609863,0.03299403190612793,5,0,0,0
Clark,40,1008,5,normal,0.10660576820373535,0.0293576717376709,0,4,1,0
Clark,40,1008,5,anomalous,0.10660576820373535,0.029462814331054688,5,0,0,0
Clark,40,1008,10,normal,0.10276198387145996,0.03206610679626465,0,4,1,0
Clark,40,1008,10,anomalous,0.10276198387145996,0.032073974609375,5,0,0,0
Clark,40,1008,15,normal,0.10613203048706055,0.031493186950683594,0,4,1,0
Clark,40,1008,15,anomalous,0.10613203048706055,0.029842138290405273,5,0,0,0
Clark,50,1008,1,normal,0.11736488342285156,0.03696084022521973,0,4,1,0
Clark,50,1008,1,anomalous,0.11736488342285156,0.03903985023498535,5,0,0,0
Clark,50,1008,2.5,normal,0.12229800224304199,0.03545498847961426,0,3,2,0
Clark,50,1008,2.5,anomalous,0.12229800224304199,0.04610610008239746,5,0,0,0
Clark,50,1008,5,normal,0.12339091300964355,0.03574395179748535,0,3,2,0
Clark,50,1008,5,anomalous,0.12339091300964355,0.03698301315307617,5,0,0,0
Clark,50,1008,10,normal,0.11806011199951172,0.035806894302368164,0,3,2,0
Clark,50,1008,10,anomalous,0.11806011199951172,0.03819894790649414,5,0,0,0
Clark,50,1008,15,normal,0.14045214653015137,0.04780077934265137,0,2,3,0
Clark,50,1008,15,anomalous,0.14045214653015137,0.04078483581542969,5,0,0,0
